id,name,department,salary,city,experience
1,Employee1,HR,45000,Vadodara,2
2,Employee2,Sales,50000,Surat,3
3,Employee3,Finance,55000,Rajkot,4
4,Employee4,Marketing,60000,Mumbai,5
5,Employee5,IT,65000,Ahmedabad,6
6,Employee6,HR,70000,Vadodara,7
7,Employee7,Sales,75000,Surat,8
8,Employee8,Finance,80000,Rajkot,9
9,Employee9,Marketing,85000,Mumbai,10
10,Employee10,IT,40000,Ahmedabad,11
11,Employee11,HR,45000,Vadodara,12
12,Employee12,Sales,50000,Surat,1
13,Employee13,Finance,55000,Rajkot,2
14,Employee14,Marketing,60000,Mumbai,3
15,Employee15,IT,65000,Ahmedabad,4
16,Employee16,HR,70000,Vadodara,5
17,Employee17,Sales,75000,Surat,6
18,Employee18,Finance,80000,Rajkot,7
19,Employee19,Marketing,85000,Mumbai,8
20,Employee20,IT,40000,Ahmedabad,9
21,Employee21,HR,45000,Vadodara,10
22,Employee22,Sales,50000,Surat,11
23,Employee23,Finance,55000,Rajkot,12
24,Employee24,Marketing,60000,Mumbai,1
25,Employee25,IT,65000,Ahmedabad,2
26,Employee26,HR,70000,Vadodara,3
27,Employee27,Sales,75000,Surat,4
28,Employee28,Finance,80000,Rajkot,5
29,Employee29,Marketing,85000,Mumbai,6
30,Employee30,IT,40000,Ahmedabad,7
31,Employee31,HR,45000,Vadodara,8
32,Employee32,Sales,50000,Surat,9
33,Employee33,Finance,55000,Rajkot,10
34,Employee34,Marketing,60000,Mumbai,11
35,Employee35,IT,65000,Ahmedabad,12
36,Employee36,HR,70000,Vadodara,1
37,Employee37,Sales,75000,Surat,2
38,Employee38,Finance,80000,Rajkot,3
39,Employee39,Marketing,85000,Mumbai,4
40,Employee40,IT,40000,Ahmedabad,5
41,Employee41,HR,45000,Vadodara,6
42,Employee42,Sales,50000,Surat,7
43,Employee43,Finance,55000,Rajkot,8
44,Employee44,Marketing,60000,Mumbai,9
45,Employee45,IT,65000,Ahmedabad,10
46,Employee46,HR,70000,Vadodara,11
47,Employee47,Sales,75000,Surat,12
48,Employee48,Finance,80000,Rajkot,1
49,Employee49,Marketing,85000,Mumbai,2
50,Employee50,IT,40000,Ahmedabad,3
51,Employee51,HR,45000,Vadodara,4
52,Employee52,Sales,50000,Surat,5
53,Employee53,Finance,55000,Rajkot,6
54,Employee54,Marketing,60000,Mumbai,7
55,Employee55,IT,65000,Ahmedabad,8
56,Employee56,HR,70000,Vadodara,9
57,Employee57,Sales,75000,Surat,10
58,Employee58,Finance,80000,Rajkot,11
59,Employee59,Marketing,85000,Mumbai,12
60,Employee60,IT,40000,Ahmedabad,1
61,Employee61,HR,45000,Vadodara,2
62,Employee62,Sales,50000,Surat,3
63,Employee63,Finance,55000,Rajkot,4
64,Employee64,Marketing,60000,Mumbai,5
65,Employee65,IT,65000,Ahmedabad,6
66,Employee66,HR,70000,Vadodara,7
67,Employee67,Sales,75000,Surat,8
68,Employee68,Finance,80000,Rajkot,9
69,Employee69,Marketing,85000,Mumbai,10
70,Employee70,IT,40000,Ahmedabad,11
71,Employee71,HR,45000,Vadodara,12
72,Employee72,Sales,50000,Surat,1
73,Employee73,Finance,55000,Rajkot,2
74,Employee74,Marketing,60000,Mumbai,3
75,Employee75,IT,65000,Ahmedabad,4
76,Employee76,HR,70000,Vadodara,5
77,Employee77,Sales,75000,Surat,6
78,Employee78,Finance,80000,Rajkot,7
79,Employee79,Marketing,85000,Mumbai,8
80,Employee80,IT,40000,Ahmedabad,9
81,Employee81,HR,45000,Vadodara,10
82,Employee82,Sales,50000,Surat,11
83,Employee83,Finance,55000,Rajkot,12
84,Employee84,Marketing,60000,Mumbai,1
85,Employee85,IT,65000,Ahmedabad,2
86,Employee86,HR,70000,Vadodara,3
87,Employee87,Sales,75000,Surat,4
88,Employee88,Finance,80000,Rajkot,5
89,Employee89,Marketing,85000,Mumbai,6
90,Employee90,IT,40000,Ahmedabad,7
91,Employee91,HR,45000,Vadodara,8
92,Employee92,Sales,50000,Surat,9
93,Employee93,Finance,55000,Rajkot,10
94,Employee94,Marketing,60000,Mumbai,11
95,Employee95,IT,65000,Ahmedabad,12
96,Employee96,HR,70000,Vadodara,1
97,Employee97,Sales,75000,Surat,2
98,Employee98,Finance,80000,Rajkot,3
99,Employee99,Marketing,85000,Mumbai,4
100,Employee100,IT,40000,Ahmedabad,5
